Date,Petrol_Price
2017-11-01,100.0
2017-11-02,98.0
2017-11-03,98.0
2017-11-04,98.0
2017-11-05,98.0
2017-11-06,98.0
2017-11-07,98.0
2017-11-08,98.0
2017-11-09,98.0
2017-11-10,98.0
2017-11-11,98.0
2017-11-12,98.0
2017-11-13,98.0
2017-11-14,98.0
2017-11-15,98.0
2017-11-16,98.0
2017-11-17,98.0
2017-11-18,98.0
2017-11-19,98.0
2017-11-20,98.0
2017-11-21,98.0
2017-11-22,98.0
2017-11-23,98.0
2017-11-24,98.0
2017-11-25,98.0
2017-11-26,98.0
2017-11-27,98.0
2017-11-28,98.0
2017-11-29,98.0
2017-11-30,98.0
2017-12-01,98.0
2017-12-02,98.0
2017-12-03,98.0
2017-12-04,98.0
2017-12-05,98.0
2017-12-06,98.0
2017-12-07,98.0
2017-12-08,100.0
2017-12-09,100.0
2017-12-10,100.0
2017-12-11,100.0
2017-12-12,100.0
2017-12-13,100.0
2017-12-14,100.0
2017-12-15,100.0
2017-12-16,100.0
2017-12-17,100.0
2017-12-18,100.0
2017-12-19,101.0
2017-12-20,101.0
2017-12-21,101.0
2017-12-22,101.0
2017-12-23,101.0
2017-12-24,101.0
2017-12-25,101.0
2017-12-26,101.0
2017-12-27,101.0
2017-12-28,101.0
2017-12-29,101.0
2017-12-30,101.0
2017-12-31,101.0
2018-01-01,102.0
2018-01-02,102.0
2018-01-03,102.0
2018-01-04,102.0
2018-01-05,102.0
2018-01-06,102.0
2018-01-07,102.0
2018-01-08,102.0
2018-01-09,102.0
2018-01-10,102.0
2018-01-11,102.0
2018-01-12,102.0
2018-01-13,102.0
2018-01-14,102.0
2018-01-15,102.0
2018-01-16,102.0
2018-01-17,103.0
2018-01-18,103.0
2018-01-19,103.0
2018-01-20,103.0
2018-01-21,103.0
2018-01-22,103.0
2018-01-23,103.0
2018-01-24,103.0
2018-01-25,103.0
2018-01-26,103.0
2018-01-27,103.0
2018-01-28,103.0
2018-01-29,103.0
2018-01-30,103.0
2018-01-31,103.0
2018-02-01,104.0
2018-02-02,104.0
2018-02-03,104.0
2018-02-04,104.0
2018-02-05,104.0
2018-02-06,104.0
2018-02-07,104.0
2018-02-08,104.0
2018-02-09,104.0
2018-02-10,104.0
2018-02-11,104.0
2018-02-12,104.0
2018-02-13,104.0
2018-02-14,104.0
2018-02-15,104.0
2018-02-16,104.0
2018-02-17,104.0
2018-02-18,104.0
2018-02-19,104.0
2018-02-20,104.0
2018-02-21,104.0
2018-02-22,104.0
2018-02-23,104.0
2018-02-24,104.0
2018-02-25,104.0
2018-02-26,104.0
2018-02-27,104.0
2018-02-28,104.0
2018-03-01,104.0
2018-03-02,104.0
2018-03-03,104.0
2018-03-04,103.0
2018-03-05,103.0
2018-03-06,103.0
2018-03-07,103.0
2018-03-08,103.0
2018-03-09,103.0
2018-03-10,103.0
2018-03-11,103.0
2018-03-12,103.0
2018-03-13,103.0
2018-03-14,103.0
2018-03-15,103.0
2018-03-16,103.0
2018-03-17,103.0
2018-03-18,103.0
2018-03-19,103.0
2018-03-20,103.0
2018-03-21,103.0
2018-03-22,103.0
2018-03-23,103.0
2018-03-24,103.0
2018-03-25,103.0
2018-03-26,103.0
2018-03-27,103.0
2018-03-28,103.0
2018-03-29,103.0
2018-03-30,103.0
2018-03-31,103.0
2018-04-01,103.0
2018-04-02,105.0
2018-04-03,105.0
2018-04-04,105.0
2018-04-05,105.0
2018-04-06,105.0
2018-04-07,105.0
2018-04-08,105.0
2018-04-09,105.0
2018-04-10,105.0
2018-04-11,105.0
2018-04-12,105.0
2018-04-13,105.0
2018-04-14,105.0
2018-04-15,105.0
2018-04-16,106.0
2018-04-17,106.0
2018-04-18,106.0
2018-04-19,106.0
2018-04-20,106.0
2018-04-21,106.0
2018-04-22,106.0
2018-04-23,106.0
2018-04-24,106.0
2018-04-25,106.0
2018-04-26,106.0
2018-04-27,106.0
2018-04-28,106.0
2018-04-29,106.0
2018-04-30,106.0
2018-05-01,106.0
2018-05-02,108.0
2018-05-03,108.0
2018-05-04,108.0
2018-05-05,108.0
2018-05-06,108.0
2018-05-07,108.0
2018-05-08,108.0
2018-05-09,108.0
2018-05-10,108.0
2018-05-11,108.0
2018-05-12,108.0
2018-05-13,108.0
2018-05-14,108.0
2018-05-15,108.0
2018-05-16,110.0
2018-05-17,110.0
2018-05-18,110.0
2018-05-19,110.0
2018-05-20,110.0
2018-05-21,110.0
2018-05-22,110.0
2018-05-23,110.0
2018-05-24,110.0
2018-05-25,110.0
2018-05-26,110.0
2018-05-27,110.0
2018-05-28,110.0
2018-05-29,110.0
2018-05-30,110.0
2018-05-31,110.0
2018-06-01,110.0
2018-06-02,113.0
2018-06-03,113.0
2018-06-04,113.0
2018-06-05,113.0
2018-06-06,113.0
2018-06-07,113.0
2018-06-08,113.0
2018-06-09,113.0
2018-06-10,113.0
2018-06-11,113.0
2018-06-12,113.0
2018-06-13,113.0
2018-06-14,113.0
2018-06-15,113.0
2018-06-16,110.0
2018-06-17,110.0
2018-06-18,110.0
2018-06-19,110.0
2018-06-20,110.0
2018-06-21,110.0
2018-06-22,110.0
2018-06-23,110.0
2018-06-24,110.0
2018-06-25,110.0
2018-06-26,110.0
2018-06-27,110.0
2018-06-28,110.0
2018-06-29,110.0
2018-06-30,110.0
2018-07-01,110.0
2018-07-02,110.0
2018-07-03,110.0
2018-07-04,110.0
2018-07-05,110.0
2018-07-06,110.0
2018-07-07,110.0
2018-07-08,110.0
2018-07-09,110.0
2018-07-10,110.0
2018-07-11,110.0
2018-07-12,110.0
2018-07-13,110.0
2018-07-14,110.0
2018-07-15,110.0
2018-07-16,110.0
2018-07-17,110.0
2018-07-18,110.0
2018-07-19,110.0
2018-07-20,110.0
2018-07-21,110.0
2018-07-22,110.0
2018-07-23,110.0
2018-07-24,110.0
2018-07-25,110.0
2018-07-26,110.0
2018-07-27,110.0
2018-07-28,110.0
2018-07-29,110.0
2018-07-30,110.0
2018-07-31,110.0
2018-08-01,110.0
2018-08-02,110.0
2018-08-03,110.0
2018-08-04,110.0
2018-08-05,110.0
2018-08-06,110.0
2018-08-07,110.0
2018-08-08,110.0
2018-08-09,110.0
2018-08-10,110.0
2018-08-11,110.0
2018-08-12,110.0
2018-08-13,110.0
2018-08-14,110.0
2018-08-15,110.0
2018-08-16,110.0
2018-08-17,110.0
2018-08-18,110.0
2018-08-19,111.0
2018-08-20,111.0
2018-08-21,111.0
2018-08-22,111.0
2018-08-23,111.0
2018-08-24,111.0
2018-08-25,111.0
2018-08-26,111.0
2018-08-27,111.0
2018-08-28,111.0
2018-08-29,111.0
2018-08-30,111.0
2018-08-31,111.0
2018-09-01,111.0
2018-09-02,111.0
2018-09-03,111.0
2018-09-04,111.0
2018-09-05,112.0
2018-09-06,112.0
2018-09-07,112.0
2018-09-08,112.0
2018-09-09,112.0
2018-09-10,112.0
2018-09-11,112.0
2018-09-12,112.0
2018-09-13,112.0
2018-09-14,112.0
2018-09-15,112.0
2018-09-16,112.0
2018-09-17,114.0
2018-09-18,114.0
2018-09-19,114.0
2018-09-20,114.0
2018-09-21,114.0
2018-09-22,114.0
2018-09-23,114.0
2018-09-24,114.0
2018-09-25,114.0
2018-09-26,114.0
2018-09-27,114.0
2018-09-28,114.0
2018-09-29,114.0
2018-09-30,114.0
2018-10-01,114.0
2018-10-02,114.0
2018-10-03,114.0
2018-10-04,114.0
2018-10-05,114.0
2018-10-06,114.0
2018-10-07,114.0
2018-10-08,114.0
2018-10-09,114.0
2018-10-10,114.0
2018-10-11,114.0
2018-10-12,114.0
2018-10-13,114.0
2018-10-14,114.0
2018-10-15,114.0
2018-10-16,114.0
2018-10-17,114.0
2018-10-18,114.0
2018-10-19,114.0
2018-10-20,114.0
2018-10-21,114.0
2018-10-22,114.0
2018-10-23,114.0
2018-10-24,114.0
2018-10-25,114.0
2018-10-26,114.0
2018-10-27,114.0
2018-10-28,114.0
2018-10-29,114.0
2018-10-30,114.0
2018-10-31,114.0
2018-11-01,114.0
2018-11-02,114.0
2018-11-03,114.0
2018-11-04,114.0
2018-11-05,114.0
2018-11-06,114.0
2018-11-07,114.0
2018-11-08,114.0
2018-11-09,114.0
2018-11-10,114.0
2018-11-11,114.0
2018-11-12,114.0
2018-11-13,114.0
2018-11-14,114.0
2018-11-15,114.0
2018-11-16,114.0
2018-11-17,114.0
2018-11-18,114.0
2018-11-19,114.0
2018-11-20,114.0
2018-11-21,114.0
2018-11-22,114.0
2018-11-23,114.0
2018-11-24,114.0
2018-11-25,114.0
2018-11-26,114.0
2018-11-27,114.0
2018-11-28,114.0
2018-11-29,114.0
2018-11-30,114.0
2018-12-01,114.0
2018-12-02,114.0
2018-12-03,112.0
2018-12-04,112.0
2018-12-05,112.0
2018-12-06,112.0
2018-12-07,112.0
2018-12-08,112.0
2018-12-09,112.0
2018-12-10,112.0
2018-12-11,112.0
2018-12-12,112.0
2018-12-13,112.0
2018-12-14,112.0
2018-12-15,112.0
2018-12-16,112.0
2018-12-17,112.0
2018-12-18,110.0
2018-12-19,110.0
2018-12-20,110.0
2018-12-21,110.0
2018-12-22,110.0
2018-12-23,110.0
2018-12-24,110.0
2018-12-25,110.0
2018-12-26,110.0
2018-12-27,110.0
2018-12-28,110.0
2018-12-29,110.0
2018-12-30,110.0
2018-12-31,110.0
2019-01-01,110.0
2019-01-02,108.0
2019-01-03,108.0
2019-01-04,108.0
2019-01-05,108.0
2019-01-06,108.0
2019-01-07,108.0
2019-01-08,108.0
2019-01-09,108.0
2019-01-10,108.0
2019-01-11,108.0
2019-01-12,108.0
2019-01-13,108.0
2019-01-14,108.0
2019-01-15,108.0
2019-01-16,108.0
2019-01-17,108.0
2019-01-18,108.0
2019-01-19,108.0
2019-01-20,108.0
2019-01-21,108.0
2019-01-22,108.0
2019-01-23,108.0
2019-01-24,108.0
2019-01-25,108.0
2019-01-26,108.0
2019-01-27,108.0
2019-01-28,108.0
2019-01-29,108.0
2019-01-30,108.0
2019-01-31,108.0
2019-02-01,108.0
2019-02-02,110.0
2019-02-03,110.0
2019-02-04,110.0
2019-02-05,110.0
2019-02-06,110.0
2019-02-07,110.0
2019-02-08,110.0
2019-02-09,110.0
2019-02-10,110.0
2019-02-11,110.0
2019-02-12,110.0
2019-02-13,110.0
2019-02-14,110.0
2019-02-15,110.0
2019-02-16,110.0
2019-02-17,110.0
2019-02-18,110.0
2019-02-19,110.0
2019-02-20,110.0
2019-02-21,110.0
2019-02-22,110.0
2019-02-23,110.0
2019-02-24,110.0
2019-02-25,110.0
2019-02-26,110.0
2019-02-27,110.0
2019-02-28,110.0
2019-03-01,110.0
2019-03-02,110.0
2019-03-03,110.0
2019-03-04,110.0
2019-03-05,110.0
2019-03-06,110.0
2019-03-07,110.0
2019-03-08,110.0
2019-03-09,110.0
2019-03-10,110.0
2019-03-11,110.0
2019-03-12,110.0
2019-03-13,110.0
2019-03-14,110.0
2019-03-15,110.0
2019-03-16,110.0
2019-03-17,110.0
2019-03-18,110.0
2019-03-19,110.0
2019-03-20,110.0
2019-03-21,110.0
2019-03-22,110.0
2019-03-23,110.0
2019-03-24,110.0
2019-03-25,110.0
2019-03-26,110.0
2019-03-27,110.0
2019-03-28,110.0
2019-03-29,110.0
2019-03-30,110.0
2019-03-31,110.0
2019-04-01,110.0
2019-04-02,110.0
2019-04-03,110.0
2019-04-04,110.0
2019-04-05,110.0
2019-04-06,110.0
2019-04-07,110.0
2019-04-08,110.0
2019-04-09,110.0
2019-04-10,110.0
2019-04-11,110.0
2019-04-12,110.0
2019-04-13,110.0
2019-04-14,110.0
2019-04-15,110.0
2019-04-16,110.0
2019-04-17,110.0
2019-04-18,110.0
2019-04-19,110.0
2019-04-20,110.0
2019-04-21,110.0
2019-04-22,110.0
2019-04-23,110.0
2019-04-24,110.0
2019-04-25,110.0
2019-04-26,110.0
2019-04-27,110.0
2019-04-28,110.0
2019-04-29,110.0
2019-04-30,110.0
2019-05-01,110.0
2019-05-02,110.0
2019-05-03,111.5
2019-05-04,111.5
2019-05-05,111.5
2019-05-06,111.5
2019-05-07,111.5
2019-05-08,111.5
2019-05-09,111.5
2019-05-10,111.5
2019-05-11,111.5
2019-05-12,111.5
2019-05-13,111.5
2019-05-14,111.5
2019-05-15,111.5
2019-05-16,111.5
2019-05-17,111.5
2019-05-18,109.5
2019-05-19,109.5
2019-05-20,109.5
2019-05-21,109.5
2019-05-22,109.5
2019-05-23,109.5
2019-05-24,109.5
2019-05-25,109.5
2019-05-26,109.5
2019-05-27,109.5
2019-05-28,109.5
2019-05-29,109.5
2019-05-30,111.0
2019-05-31,111.0
2019-06-01,111.0
2019-06-02,111.0
2019-06-03,111.0
2019-06-04,111.0
2019-06-05,111.0
2019-06-06,110.0
2019-06-07,110.0
2019-06-08,110.0
2019-06-09,110.0
2019-06-10,110.0
2019-06-11,110.0
2019-06-12,110.0
2019-06-13,110.0
2019-06-14,110.0
2019-06-15,110.0
2019-06-16,110.0
2019-06-17,108.0
2019-06-18,108.0
2019-06-19,108.0
2019-06-20,108.0
2019-06-21,108.0
2019-06-22,108.0
2019-06-23,108.0
2019-06-24,108.0
2019-06-25,108.0
2019-06-26,108.0
2019-06-27,108.0
2019-06-28,108.0
2019-06-29,108.0
2019-06-30,108.0
2019-07-01,108.0
2019-07-02,108.0
2019-07-03,108.0
2019-07-04,108.0
2019-07-05,108.0
2019-07-06,108.0
2019-07-07,108.0
2019-07-08,108.0
2019-07-09,108.0
2019-07-10,108.0
2019-07-11,108.0
2019-07-12,108.0
2019-07-13,108.0
2019-07-14,108.0
2019-07-15,108.0
2019-07-16,108.0
2019-07-17,108.0
2019-07-18,108.0
2019-07-19,108.0
2019-07-20,108.0
2019-07-21,108.0
2019-07-22,108.0
2019-07-23,108.0
2019-07-24,108.0
2019-07-25,108.0
2019-07-26,108.0
2019-07-27,108.0
2019-07-28,108.0
2019-07-29,108.0
2019-07-30,108.0
2019-07-31,108.0
2019-08-01,108.0
2019-08-02,108.0
2019-08-03,108.0
2019-08-04,108.0
2019-08-05,108.0
2019-08-06,108.0
2019-08-07,109.0
2019-08-08,109.0
2019-08-09,109.0
2019-08-10,109.0
2019-08-11,109.0
2019-08-12,109.0
2019-08-13,109.0
2019-08-14,109.0
2019-08-15,109.0
2019-08-16,109.0
2019-08-17,109.0
2019-08-18,109.0
2019-08-19,109.0
2019-08-20,109.0
2019-08-21,109.0
2019-08-22,109.0
2019-08-23,109.0
2019-08-24,109.0
2019-08-25,109.0
2019-08-26,109.0
2019-08-27,109.0
2019-08-28,109.0
2019-08-29,109.0
2019-08-30,109.0
2019-08-31,109.0
2019-09-01,109.0
2019-09-02,109.0
2019-09-03,109.0
2019-09-04,109.0
2019-09-05,109.0
2019-09-06,109.0
2019-09-07,109.0
2019-09-08,109.0
2019-09-09,109.0
2019-09-10,107.0
2019-09-11,107.0
2019-09-12,107.0
2019-09-13,107.0
2019-09-14,107.0
2019-09-15,107.0
2019-09-16,107.0
2019-09-17,107.0
2019-09-18,107.0
2019-09-19,107.0
2019-09-20,107.0
2019-09-21,107.0
2019-09-22,107.0
2019-09-23,107.0
2019-09-24,107.0
2019-09-25,107.0
2019-09-26,107.0
2019-09-27,107.0
2019-09-28,107.0
2019-09-29,107.0
2019-09-30,107.0
2019-10-01,107.0
2019-10-02,107.0
2019-10-03,109.0
2019-10-04,109.0
2019-10-05,109.0
2019-10-06,109.0
2019-10-07,109.0
2019-10-08,109.0
2019-10-09,109.0
2019-10-10,109.0
2019-10-11,109.0
2019-10-12,109.0
2019-10-13,109.0
2019-10-14,109.0
2019-10-15,109.0
2019-10-16,109.0
2019-10-17,109.0
2019-10-18,109.0
2019-10-19,109.0
2019-10-20,109.0
2019-10-21,109.0
2019-10-22,109.0
2019-10-23,109.0
2019-10-24,109.0
2019-10-25,109.0
2019-10-26,109.0
2019-10-27,109.0
2019-10-28,109.0
2019-10-29,109.0
2019-10-30,109.0
2019-10-31,109.0
2019-11-01,109.0
2019-11-02,109.0
2019-11-03,109.0
2019-11-04,109.0
2019-11-05,109.0
2019-11-06,109.0
2019-11-07,109.0
2019-11-08,109.0
2019-11-09,109.0
2019-11-10,109.0
2019-11-11,109.0
2019-11-12,109.0
2019-11-13,109.0
2019-11-14,109.0
2019-11-15,109.0
2019-11-16,109.0
2019-11-17,109.0
2019-11-18,109.0
2019-11-19,109.0
2019-11-20,109.0
2019-11-21,109.0
2019-11-22,109.0
2019-11-23,109.0
2019-11-24,109.0
2019-11-25,109.0
2019-11-26,109.0
2019-11-27,109.0
2019-11-28,109.0
2019-11-29,109.0
2019-11-30,109.0
2019-12-01,109.0
2019-12-02,109.0
2019-12-03,109.0
2019-12-04,109.0
2019-12-05,109.0
2019-12-06,109.0
2019-12-07,109.0
2019-12-08,109.0
2019-12-09,109.0
2019-12-10,109.0
2019-12-11,109.0
2019-12-12,109.0
2019-12-13,109.0
2019-12-14,109.0
2019-12-15,109.0
2019-12-16,109.0
2019-12-17,109.0
2019-12-18,109.0
2019-12-19,109.0
2019-12-20,109.0
2019-12-21,109.0
2019-12-22,109.0
2019-12-23,109.0
2019-12-24,109.0
2019-12-25,109.0
2019-12-26,109.0
2019-12-27,109.0
2019-12-28,109.0
2019-12-29,109.0
2019-12-30,109.0
2019-12-31,109.0
2020-01-01,111.0
2020-01-02,111.0
2020-01-03,111.0
2020-01-04,111.0
2020-01-05,111.0
2020-01-06,111.0
2020-01-07,111.0
2020-01-08,111.0
2020-01-09,111.0
2020-01-10,111.0
2020-01-11,111.0
2020-01-12,111.0
2020-01-13,111.0
2020-01-14,111.0
2020-01-15,111.0
2020-01-16,111.0
2020-01-17,111.0
2020-01-18,111.0
2020-01-19,111.0
2020-01-20,111.0
2020-01-21,111.0
2020-01-22,111.0
2020-01-23,111.0
2020-01-24,111.0
2020-01-25,111.0
2020-01-26,111.0
2020-01-27,111.0
2020-01-28,111.0
2020-01-29,111.0
2020-01-30,111.0
2020-01-31,111.0
2020-02-01,111.0
2020-02-02,111.0
2020-02-03,110.0
2020-02-04,110.0
2020-02-05,110.0
2020-02-06,110.0
2020-02-07,110.0
2020-02-08,110.0
2020-02-09,110.0
2020-02-10,110.0
2020-02-11,110.0
2020-02-12,110.0
2020-02-13,110.0
2020-02-14,110.0
2020-02-15,110.0
2020-02-16,110.0
2020-02-17,108.0
2020-02-18,108.0
2020-02-19,108.0
2020-02-20,108.0
2020-02-21,108.0
2020-02-22,108.0
2020-02-23,108.0
2020-02-24,108.0
2020-02-25,108.0
2020-02-26,108.0
2020-02-27,108.0
2020-02-28,108.0
2020-02-29,108.0
2020-03-01,108.0
2020-03-02,108.0
2020-03-03,108.0
2020-03-04,108.0
2020-03-05,108.0
2020-03-06,108.0
2020-03-07,108.0
2020-03-08,108.0
2020-03-09,108.0
2020-03-10,108.0
2020-03-11,108.0
2020-03-12,108.0
2020-03-13,108.0
2020-03-14,108.0
2020-03-15,108.0
2020-03-16,106.0
2020-03-17,106.0
2020-03-18,106.0
2020-03-19,106.0
2020-03-20,106.0
2020-03-21,106.0
2020-03-22,106.0
2020-03-23,106.0
2020-03-24,106.0
2020-03-25,106.0
2020-03-26,106.0
2020-03-27,106.0
2020-03-28,106.0
2020-03-29,106.0
2020-03-30,106.0
2020-03-31,106.0
2020-04-01,96.0
2020-04-02,96.0
2020-04-03,96.0
2020-04-04,96.0
2020-04-05,96.0
2020-04-06,96.0
2020-04-07,96.0
2020-04-08,96.0
2020-04-09,96.0
2020-04-10,96.0
2020-04-11,96.0
2020-04-12,96.0
2020-04-13,96.0
2020-04-14,96.0
2020-04-15,96.0
2020-04-16,96.0
2020-04-17,96.0
2020-04-18,96.0
2020-04-19,96.0
2020-04-20,96.0
2020-04-21,96.0
2020-04-22,96.0
2020-04-23,96.0
2020-04-24,96.0
2020-04-25,96.0
2020-04-26,96.0
2020-04-27,96.0
2020-04-28,96.0
2020-04-29,96.0
2020-04-30,96.0
2020-05-01,96.0
2020-05-02,96.0
2020-05-03,96.0
2020-05-04,96.0
2020-05-05,96.0
2020-05-06,96.0
2020-05-07,96.0
2020-05-08,96.0
2020-05-09,96.0
2020-05-10,96.0
2020-05-11,96.0
2020-05-12,96.0
2020-05-13,96.0
2020-05-14,96.0
2020-05-15,96.0
2020-05-16,96.0
2020-05-17,96.0
2020-05-18,96.0
2020-05-19,96.0
2020-05-20,96.0
2020-05-21,96.0
2020-05-22,96.0
2020-05-23,96.0
2020-05-24,96.0
2020-05-25,96.0
2020-05-26,96.0
2020-05-27,96.0
2020-05-28,96.0
2020-05-29,96.0
2020-05-30,96.0
2020-05-31,96.0
2020-06-01,96.0
2020-06-02,96.0
2020-06-03,96.0
2020-06-04,96.0
2020-06-05,96.0
2020-06-06,96.0
2020-06-07,96.0
2020-06-08,96.0
2020-06-09,96.0
2020-06-10,96.0
2020-06-11,96.0
2020-06-12,96.0
2020-06-13,96.0
2020-06-14,96.0
2020-06-15,96.0
2020-06-16,96.0
2020-06-17,96.0
2020-06-18,96.0
2020-06-19,96.0
2020-06-20,96.0
2020-06-21,96.0
2020-06-22,96.0
2020-06-23,96.0
2020-06-24,96.0
2020-06-25,96.0
2020-06-26,96.0
2020-06-27,96.0
2020-06-28,96.0
2020-06-29,96.0
2020-06-30,101.0
2020-07-01,101.0
2020-07-02,101.0
2020-07-03,101.0
2020-07-04,101.0
2020-07-05,101.0
2020-07-06,101.0
2020-07-07,101.0
2020-07-08,101.0
2020-07-09,101.0
2020-07-10,102.0
2020-07-11,102.0
2020-07-12,102.0
2020-07-13,102.0
2020-07-14,102.0
2020-07-15,102.0
2020-07-16,102.0
2020-07-17,102.0
2020-07-18,102.0
2020-07-19,102.0
2020-07-20,102.0
2020-07-21,102.0
2020-07-22,102.0
2020-07-23,102.0
2020-07-24,102.0
2020-07-25,102.0
2020-07-26,102.0
2020-07-27,102.0
2020-07-28,102.0
2020-07-29,102.0
2020-07-30,102.0
2020-07-31,102.0
2020-08-01,102.0
2020-08-02,104.0
2020-08-03,104.0
2020-08-04,104.0
2020-08-05,104.0
2020-08-06,104.0
2020-08-07,104.0
2020-08-08,104.0
2020-08-09,104.0
2020-08-10,104.0
2020-08-11,104.0
2020-08-12,104.0
2020-08-13,104.0
2020-08-14,104.0
2020-08-15,104.0
2020-08-16,105.0
2020-08-17,105.0
2020-08-18,105.0
2020-08-19,105.0
2020-08-20,105.0
2020-08-21,105.0
2020-08-22,105.0
2020-08-23,105.0
2020-08-24,105.0
2020-08-25,105.0
2020-08-26,105.0
2020-08-27,105.0
2020-08-28,105.0
2020-08-29,105.0
2020-08-30,105.0
2020-08-31,105.0
2020-09-01,105.0
2020-09-02,105.0
2020-09-03,105.0
2020-09-04,105.0
2020-09-05,105.0
2020-09-06,105.0
2020-09-07,105.0
2020-09-08,105.0
2020-09-09,105.0
2020-09-10,105.0
2020-09-11,105.0
2020-09-12,105.0
2020-09-13,105.0
2020-09-14,105.0
2020-09-15,105.0
2020-09-16,107.0
2020-09-17,107.0
2020-09-18,107.0
2020-09-19,107.0
2020-09-20,107.0
2020-09-21,107.0
2020-09-22,107.0
2020-09-23,107.0
2020-09-24,107.0
2020-09-25,107.0
2020-09-26,107.0
2020-09-27,107.0
2020-09-28,107.0
2020-09-29,107.0
2020-09-30,107.0
2020-10-01,107.0
2020-10-02,107.0
2020-10-03,107.0
2020-10-04,107.0
2020-10-05,107.0
2020-10-06,107.0
2020-10-07,107.0
2020-10-08,107.0
2020-10-09,107.0
2020-10-10,107.0
2020-10-11,107.0
2020-10-12,107.0
2020-10-13,107.0
2020-10-14,107.0
2020-10-15,107.0
2020-10-16,107.0
2020-10-17,107.0
2020-10-18,107.0
2020-10-19,107.0
2020-10-20,107.0
2020-10-21,107.0
2020-10-22,107.0
2020-10-23,107.0
2020-10-24,107.0
2020-10-25,107.0
2020-10-26,107.0
2020-10-27,107.0
2020-10-28,107.0
2020-10-29,107.0
2020-10-30,107.0
2020-10-31,107.0
2020-11-01,107.0
2020-11-02,107.0
2020-11-03,107.0
2020-11-04,107.0
2020-11-05,107.0
2020-11-06,107.0
2020-11-07,107.0
2020-11-08,107.0
2020-11-09,107.0
2020-11-10,107.0
2020-11-11,107.0
2020-11-12,107.0
2020-11-13,107.0
2020-11-14,107.0
2020-11-15,107.0
2020-11-16,107.0
2020-11-17,107.0
2020-11-18,107.0
2020-11-19,107.0
2020-11-20,107.0
2020-11-21,107.0
2020-11-22,107.0
2020-11-23,107.0
2020-11-24,107.0
2020-11-25,107.0
2020-11-26,107.0
2020-11-27,107.0
2020-11-28,107.0
2020-11-29,107.0
2020-11-30,107.0
2020-12-01,107.0
2020-12-02,107.0
2020-12-03,107.0
2020-12-04,107.0
2020-12-05,107.0
2020-12-06,107.0
2020-12-07,107.0
2020-12-08,107.0
2020-12-09,107.0
2020-12-10,107.0
2020-12-11,107.0
2020-12-12,108.0
2020-12-13,108.0
2020-12-14,108.0
2020-12-15,108.0
2020-12-16,108.0
2020-12-17,108.0
2020-12-18,108.0
2020-12-19,108.0
2020-12-20,108.0
2020-12-21,108.0
2020-12-22,108.0
2020-12-23,108.0
2020-12-24,108.0
2020-12-25,108.0
2020-12-26,108.0
2020-12-27,108.0
2020-12-28,108.0
2020-12-29,108.0
2020-12-30,108.0
2020-12-31,108.0
2021-01-01,108.0
2021-01-02,108.0
2021-01-03,108.0
2021-01-04,108.0
2021-01-05,108.0
2021-01-06,108.0
2021-01-07,108.0
2021-01-08,108.0
2021-01-09,108.0
2021-01-10,108.0
2021-01-11,108.0
2021-01-12,108.0
2021-01-13,108.0
2021-01-14,108.0
2021-01-15,108.0
2021-01-16,108.0
2021-01-17,108.0
2021-01-18,110.0
2021-01-19,110.0
2021-01-20,110.0
2021-01-21,110.0
2021-01-22,110.0
2021-01-23,110.0
2021-01-24,110.0
2021-01-25,110.0
2021-01-26,110.0
2021-01-27,110.0
2021-01-28,110.0
2021-01-29,110.0
2021-01-30,110.0
2021-01-31,110.0
2021-02-01,110.0
2021-02-02,110.0
2021-02-03,110.0
2021-02-04,110.0
2021-02-05,110.0
2021-02-06,110.0
2021-02-07,110.0
2021-02-08,110.0
2021-02-09,110.0
2021-02-10,112.0
2021-02-11,112.0
2021-02-12,112.0
2021-02-13,112.0
2021-02-14,112.0
2021-02-15,112.0
2021-02-16,114.0
2021-02-17,114.0
2021-02-18,114.0
2021-02-19,114.0
2021-02-20,114.0
2021-02-21,114.0
2021-02-22,114.0
2021-02-23,114.0
2021-02-24,114.0
2021-02-25,114.0
2021-02-26,114.0
2021-02-27,114.0
2021-02-28,114.0
2021-03-01,116.0
2021-03-02,116.0
2021-03-03,116.0
2021-03-04,116.0
2021-03-05,116.0
2021-03-06,116.0
2021-03-07,116.0
2021-03-08,116.0
2021-03-09,116.0
2021-03-10,116.0
2021-03-11,116.0
2021-03-12,116.0
2021-03-13,116.0
2021-03-14,116.0
2021-03-15,116.0
2021-03-16,118.0
2021-03-17,118.0
2021-03-18,118.0
2021-03-19,118.0
2021-03-20,118.0
2021-03-21,118.0
2021-03-22,118.0
2021-03-23,118.0
2021-03-24,118.0
2021-03-25,118.0
2021-03-26,118.0
2021-03-27,118.0
2021-03-28,118.0
2021-03-29,118.0
2021-03-30,118.0
2021-03-31,118.0
2021-04-01,118.0
2021-04-02,118.0
2021-04-03,118.0
2021-04-04,120.0
2021-04-05,120.0
2021-04-06,120.0
2021-04-07,120.0
2021-04-08,120.0
2021-04-09,120.0
2021-04-10,120.0
2021-04-11,120.0
2021-04-12,120.0
2021-04-13,120.0
2021-04-14,120.0
2021-04-15,120.0
2021-04-16,120.0
2021-04-17,121.0
2021-04-18,121.0
2021-04-19,121.0
2021-04-20,121.0
2021-04-21,121.0
2021-04-22,121.0
2021-04-23,121.0
2021-04-24,121.0
2021-04-25,121.0
2021-04-26,121.0
2021-04-27,121.0
2021-04-28,121.0
2021-04-29,121.0
2021-04-30,121.0
2021-05-01,121.0
2021-05-02,121.0
2021-05-03,121.0
2021-05-04,121.0
2021-05-05,121.0
2021-05-06,121.0
2021-05-07,121.0
2021-05-08,121.0
2021-05-09,121.0
2021-05-10,121.0
2021-05-11,121.0
2021-05-12,121.0
2021-05-13,121.0
2021-05-14,121.0
2021-05-15,121.0
2021-05-16,123.0
2021-05-17,123.0
2021-05-18,123.0
2021-05-19,123.0
2021-05-20,123.0
2021-05-21,123.0
2021-05-22,123.0
2021-05-23,123.0
2021-05-24,123.0
2021-05-25,123.0
2021-05-26,123.0
2021-05-27,123.0
2021-05-28,123.0
2021-05-29,123.0
2021-05-30,123.0
2021-05-31,123.0
2021-06-01,123.0
2021-06-02,123.0
2021-06-03,123.0
2021-06-04,123.0
2021-06-05,125.0
2021-06-06,125.0
2021-06-07,125.0
2021-06-08,125.0
2021-06-09,125.0
2021-06-10,125.0
2021-06-11,125.0
2021-06-12,125.0
2021-06-13,125.0
2021-06-14,125.0
2021-06-15,125.0
2021-06-16,125.0
2021-06-17,125.0
2021-06-18,125.0
2021-06-19,125.0
2021-06-20,125.0
2021-06-21,125.0
2021-06-22,125.0
2021-06-23,127.0
2021-06-24,127.0
2021-06-25,127.0
2021-06-26,127.0
2021-06-27,127.0
2021-06-28,127.0
2021-06-29,127.0
2021-06-30,127.0
2021-07-01,127.0
2021-07-02,127.0
2021-07-03,127.0
2021-07-04,127.0
2021-07-05,127.0
2021-07-06,129.0
2021-07-07,129.0
2021-07-08,129.0
2021-07-09,129.0
2021-07-10,129.0
2021-07-11,129.0
2021-07-12,129.0
2021-07-13,129.0
2021-07-14,128.0
2021-07-15,128.0
2021-07-16,128.0
2021-07-17,128.0
2021-07-18,128.0
2021-07-19,128.0
2021-07-20,128.0
2021-07-21,128.0
2021-07-22,128.0
2021-07-23,128.0
2021-07-24,128.0
2021-07-25,128.0
2021-07-26,128.0
2021-07-27,128.0
2021-07-28,128.0
2021-07-29,128.0
2021-07-30,128.0
2021-07-31,128.0
2021-08-01,128.0
2021-08-02,128.0
2021-08-03,128.0
2021-08-04,128.0
2021-08-05,128.0
2021-08-06,128.0
2021-08-07,128.0
2021-08-08,128.0
2021-08-09,128.0
2021-08-10,128.0
2021-08-11,128.0
2021-08-12,128.0
2021-08-13,128.0
2021-08-14,128.0
2021-08-15,128.0
2021-08-16,128.0
2021-08-17,128.0
2021-08-18,128.0
2021-08-19,128.0
2021-08-20,128.0
2021-08-21,128.0
2021-08-22,128.0
2021-08-23,130.0
2021-08-24,130.0
2021-08-25,130.0
2021-08-26,130.0
2021-08-27,130.0
2021-08-28,130.0
2021-08-29,130.0
2021-08-30,130.0
2021-08-31,130.0
2021-09-01,130.0
2021-09-02,130.0
2021-09-03,130.0
2021-09-04,130.0
2021-09-05,130.0
2021-09-06,130.0
2021-09-07,130.0
2021-09-08,130.0
2021-09-09,130.0
2021-09-10,130.0
2021-09-11,130.0
2021-09-12,130.0
2021-09-13,130.0
2021-09-14,130.0
2021-09-15,130.0
2021-09-16,130.0
2021-09-17,130.0
2021-09-18,130.0
2021-09-19,130.0
2021-09-20,130.0
2021-09-21,130.0
2021-09-22,130.0
2021-09-23,130.0
2021-09-24,130.0
2021-09-25,130.0
2021-09-26,130.0
2021-09-27,130.0
2021-09-28,130.0
2021-09-29,130.0
2021-09-30,130.0
2021-10-01,130.0
2021-10-02,130.0
2021-10-03,130.0
2021-10-04,130.0
2021-10-05,130.0
2021-10-06,130.0
2021-10-07,130.0
2021-10-08,130.0
2021-10-09,130.0
2021-10-10,130.0
2021-10-11,130.0
2021-10-12,130.0
2021-10-13,130.0
2021-10-14,130.0
2021-10-15,130.0
2021-10-16,130.0
2021-10-17,130.0
2021-10-18,130.0
2021-10-19,130.0
2021-10-20,130.0
2021-10-21,130.0
2021-10-22,130.0
2021-10-23,130.0
2021-10-24,130.0
2021-10-25,130.0
2021-10-26,130.0
2021-10-27,130.0
2021-10-28,130.0
2021-10-29,133.0
2021-10-30,133.0
2021-10-31,133.0
2021-11-01,133.0
2021-11-02,133.0
2021-11-03,133.0
2021-11-04,133.0
2021-11-05,133.0
2021-11-06,133.0
2021-11-07,133.0
2021-11-08,133.0
2021-11-09,133.0
2021-11-10,136.0
2021-11-11,136.0
2021-11-12,136.0
2021-11-13,136.0
2021-11-14,136.0
2021-11-15,136.0
2021-11-16,136.0
2021-11-17,136.0
2021-11-18,136.0
2021-11-19,136.0
2021-11-20,136.0
2021-11-21,136.0
2021-11-22,136.0
2021-11-23,136.0
2021-11-24,136.0
2021-11-25,136.0
2021-11-26,136.0
2021-11-27,136.0
2021-11-28,136.0
2021-11-29,136.0
2021-11-30,136.0
2021-12-01,136.0
2021-12-02,136.0
2021-12-03,136.0
2021-12-04,136.0
2021-12-05,136.0
2021-12-06,136.0
2021-12-07,136.0
2021-12-08,136.0
2021-12-09,136.0
2021-12-10,136.0
2021-12-11,136.0
2021-12-12,136.0
2021-12-13,136.0
2021-12-14,136.0
2021-12-15,136.0
2021-12-16,136.0
2021-12-17,136.0
2021-12-18,136.0
2021-12-19,136.0
2021-12-20,136.0
2021-12-21,136.0
2021-12-22,136.0
2021-12-23,136.0
2021-12-24,136.0
2021-12-25,136.0
2021-12-26,136.0
2021-12-27,136.0
2021-12-28,136.0
2021-12-29,136.0
2021-12-30,136.0
2021-12-31,136.0
2022-01-01,136.0
2022-01-02,136.0
2022-01-03,136.0
2022-01-04,136.0
2022-01-05,136.0
2022-01-06,136.0
2022-01-07,136.0
2022-01-08,136.0
2022-01-09,136.0
2022-01-10,136.0
2022-01-11,136.0
2022-01-12,136.0
2022-01-13,136.0
2022-01-14,136.0
2022-01-15,136.0
2022-01-16,136.0
2022-01-17,136.0
2022-01-18,136.0
2022-01-19,139.0
2022-01-20,139.0
2022-01-21,139.0
2022-01-22,139.0
2022-01-23,139.0
2022-01-24,139.0
2022-01-25,139.0
2022-01-26,139.0
2022-01-27,139.0
2022-01-28,139.0
2022-01-29,139.0
2022-01-30,139.0
2022-01-31,139.0
2022-02-01,142.0
2022-02-02,142.0
2022-02-03,142.0
2022-02-04,142.0
2022-02-05,142.0
2022-02-06,142.0
2022-02-07,142.0
2022-02-08,142.0
2022-02-09,142.0
2022-02-10,142.0
2022-02-11,142.0
2022-02-12,142.0
2022-02-13,142.0
2022-02-14,142.0
2022-02-15,142.0
2022-02-16,142.0
2022-02-17,142.0
2022-02-18,142.0
2022-02-19,145.0
2022-02-20,145.0
2022-02-21,145.0
2022-02-22,145.0
2022-02-23,145.0
2022-02-24,145.0
2022-02-25,145.0
2022-02-26,145.0
2022-02-27,145.0
2022-02-28,145.0
2022-03-01,145.0
2022-03-02,145.0
2022-03-03,150.0
2022-03-04,150.0
2022-03-05,150.0
2022-03-06,150.0
2022-03-07,150.0
2022-03-08,150.0
2022-03-09,150.0
2022-03-10,150.0
2022-03-11,150.0
2022-03-12,150.0
2022-03-13,150.0
2022-03-14,150.0
2022-03-15,150.0
2022-03-16,155.0
2022-03-17,155.0
2022-03-18,155.0
2022-03-19,155.0
2022-03-20,155.0
2022-03-21,155.0
2022-03-22,155.0
2022-03-23,155.0
2022-03-24,155.0
2022-03-25,155.0
2022-03-26,155.0
2022-03-27,155.0
2022-03-28,155.0
2022-03-29,155.0
2022-03-30,155.0
2022-03-31,155.0
2022-04-01,155.0
2022-04-02,155.0
2022-04-03,155.0
2022-04-04,155.0
2022-04-05,160.0
2022-04-06,160.0
2022-04-07,160.0
2022-04-08,160.0
2022-04-09,160.0
2022-04-10,160.0
2022-04-11,160.0
2022-04-12,160.0
2022-04-13,160.0
2022-04-14,160.0
2022-04-15,160.0
2022-04-16,160.0
2022-04-17,160.0
2022-04-18,160.0
2022-04-19,160.0
2022-04-20,160.0
2022-04-21,160.0
2022-04-22,160.0
2022-04-23,160.0
2022-04-24,160.0
2022-04-25,160.0
2022-04-26,160.0
2022-04-27,160.0
2022-04-28,160.0
2022-04-29,160.0
2022-04-30,160.0
2022-05-01,160.0
2022-05-02,160.0
2022-05-03,160.0
2022-05-04,160.0
2022-05-05,160.0
2022-05-06,160.0
2022-05-07,160.0
2022-05-08,160.0
2022-05-09,160.0
2022-05-10,160.0
2022-05-11,160.0
2022-05-12,160.0
2022-05-13,160.0
2022-05-14,170.0
2022-05-15,170.0
2022-05-16,170.0
2022-05-17,170.0
2022-05-18,170.0
2022-05-19,170.0
2022-05-20,170.0
2022-05-21,170.0
2022-05-22,180.0
2022-05-23,180.0
2022-05-24,180.0
2022-05-25,180.0
2022-05-26,180.0
2022-05-27,180.0
2022-05-28,180.0
2022-05-29,180.0
2022-05-30,180.0
2022-05-31,180.0
2022-06-01,180.0
2022-06-02,170.0
2022-06-03,170.0
2022-06-04,170.0
2022-06-05,170.0
2022-06-06,170.0
2022-06-07,170.0
2022-06-08,170.0
2022-06-09,178.0
2022-06-10,178.0
2022-06-11,178.0
2022-06-12,178.0
2022-06-13,178.0
2022-06-14,178.0
2022-06-15,178.0
2022-06-16,178.0
2022-06-17,178.0
2022-06-18,178.0
2022-06-19,199.0
2022-06-20,199.0
2022-06-21,199.0
2022-06-22,199.0
2022-06-23,199.0
2022-06-24,199.0
2022-06-25,179.0
2022-06-26,179.0
2022-06-27,179.0
2022-06-28,179.0
2022-06-29,179.0
2022-06-30,179.0
2022-07-01,179.0
2022-07-02,179.0
2022-07-03,179.0
2022-07-04,181.0
2022-07-05,181.0
2022-07-06,181.0
2022-07-07,181.0
2022-07-08,181.0
2022-07-09,181.0
2022-07-10,181.0
2022-07-11,181.0
2022-07-12,181.0
2022-07-13,181.0
2022-07-14,181.0
2022-07-15,181.0
2022-07-16,181.0
2022-07-17,181.0
2022-07-18,181.0
2022-07-19,181.0
2022-07-20,181.0
2022-07-21,181.0
2022-07-22,181.0
2022-07-23,181.0
2022-07-24,181.0
2022-07-25,181.0
2022-07-26,181.0
2022-07-27,181.0
2022-07-28,181.0
2022-07-29,181.0
2022-07-30,181.0
2022-07-31,181.0
2022-08-01,181.0
2022-08-02,181.0
2022-08-03,181.0
2022-08-04,181.0
2022-08-05,181.0
2022-08-06,181.0
2022-08-07,181.0
2022-08-08,181.0
2022-08-09,181.0
2022-08-10,181.0
2022-08-11,181.0
2022-08-12,181.0
2022-08-13,181.0
2022-08-14,181.0
2022-08-15,181.0
2022-08-16,181.0
2022-08-17,181.0
2022-08-18,181.0
2022-08-19,181.0
2022-08-20,181.0
2022-08-21,181.0
2022-08-22,181.0
2022-08-23,181.0
2022-08-24,181.0
2022-08-25,181.0
2022-08-26,181.0
2022-08-27,181.0
2022-08-28,181.0
2022-08-29,181.0
2022-08-30,181.0
2022-08-31,181.0
2022-09-01,181.0
2022-09-02,181.0
2022-09-03,181.0
2022-09-04,181.0
2022-09-05,181.0
2022-09-06,181.0
2022-09-07,181.0
2022-09-08,181.0
2022-09-09,181.0
2022-09-10,181.0
2022-09-11,181.0
2022-09-12,181.0
2022-09-13,181.0
2022-09-14,181.0
2022-09-15,181.0
2022-09-16,181.0
2022-09-17,181.0
2022-09-18,181.0
2022-09-19,181.0
2022-09-20,181.0
2022-09-21,181.0
2022-09-22,181.0
2022-09-23,181.0
2022-09-24,181.0
2022-09-25,181.0
2022-09-26,181.0
2022-09-27,181.0
2022-09-28,181.0
2022-09-29,181.0
2022-09-30,181.0
2022-10-01,181.0
2022-10-02,181.0
2022-10-03,181.0
2022-10-04,181.0
2022-10-05,181.0
2022-10-06,181.0
2022-10-07,181.0
2022-10-08,181.0
2022-10-09,181.0
2022-10-10,181.0
2022-10-11,181.0
2022-10-12,181.0
2022-10-13,181.0
2022-10-14,181.0
2022-10-15,181.0
2022-10-16,181.0
2022-10-17,181.0
2022-10-18,181.0
2022-10-19,181.0
2022-10-20,181.0
2022-10-21,181.0
2022-10-22,181.0
2022-10-23,181.0
2022-10-24,181.0
2022-10-25,181.0
2022-10-26,181.0
2022-10-27,181.0
2022-10-28,181.0
2022-10-29,181.0
2022-10-30,181.0
2022-10-31,181.0
2022-11-01,181.0
2022-11-02,181.0
2022-11-03,181.0
2022-11-04,181.0
2022-11-05,181.0
2022-11-06,181.0
2022-11-07,181.0
2022-11-08,181.0
2022-11-09,181.0
2022-11-10,181.0
2022-11-11,181.0
2022-11-12,181.0
2022-11-13,181.0
2022-11-14,181.0
2022-11-15,181.0
2022-11-16,181.0
2022-11-17,181.0
2022-11-18,181.0
2022-11-19,181.0
2022-11-20,181.0
2022-11-21,181.0
2022-11-22,181.0
2022-11-23,181.0
2022-11-24,181.0
2022-11-25,181.0
2022-11-26,181.0
2022-11-27,181.0
2022-11-28,181.0
2022-11-29,181.0
2022-11-30,181.0
2022-12-01,181.0
2022-12-02,181.0
2022-12-03,181.0
2022-12-04,181.0
2022-12-05,181.0
2022-12-06,181.0
2022-12-07,181.0
2022-12-08,181.0
2022-12-09,181.0
2022-12-10,181.0
2022-12-11,181.0
2022-12-12,181.0
2022-12-13,181.0
2022-12-14,181.0
2022-12-15,181.0
2022-12-16,178.0
2022-12-17,178.0
2022-12-18,178.0
2022-12-19,178.0
2022-12-20,178.0
2022-12-21,178.0
2022-12-22,178.0
2022-12-23,178.0
2022-12-24,178.0
2022-12-25,178.0
2022-12-26,178.0
2022-12-27,178.0
2022-12-28,178.0
2022-12-29,178.0
2022-12-30,178.0
2022-12-31,178.0
2023-01-01,178.0
2023-01-02,178.0
2023-01-03,178.0
2023-01-04,178.0
2023-01-05,178.0
2023-01-06,178.0
2023-01-07,178.0
2023-01-08,175.0
2023-01-09,175.0
2023-01-10,175.0
2023-01-11,175.0
2023-01-12,175.0
2023-01-13,175.0
2023-01-14,175.0
2023-01-15,175.0
2023-01-16,175.0
2023-01-17,175.0
2023-01-18,175.0
2023-01-19,175.0
2023-01-20,175.0
2023-01-21,175.0
2023-01-22,175.0
2023-01-23,175.0
2023-01-24,175.0
2023-01-25,175.0
2023-01-26,175.0
2023-01-27,175.0
2023-01-28,175.0
2023-01-29,175.0
2023-01-30,175.0
2023-01-31,175.0
2023-02-01,175.0
2023-02-02,175.0
2023-02-03,175.0
2023-02-04,175.0
2023-02-05,175.0
2023-02-06,178.0
2023-02-07,178.0
2023-02-08,178.0
2023-02-09,178.0
2023-02-10,178.0
2023-02-11,178.0
2023-02-12,178.0
2023-02-13,178.0
2023-02-14,178.0
2023-02-15,178.0
2023-02-16,178.0
2023-02-17,178.0
2023-02-18,178.0
2023-02-19,178.0
2023-02-20,178.0
2023-02-21,178.0
2023-02-22,178.0
2023-02-23,178.0
2023-02-24,178.0
2023-02-25,178.0
2023-02-26,178.0
2023-02-27,178.0
2023-02-28,178.0
2023-03-01,178.0
2023-03-02,178.0
2023-03-03,178.0
2023-03-04,178.0
2023-03-05,178.0
2023-03-06,178.0
2023-03-07,178.0
2023-03-08,178.0
2023-03-09,178.0
2023-03-10,178.0
2023-03-11,178.0
2023-03-12,178.0
2023-03-13,178.0
2023-03-14,178.0
2023-03-15,178.0
2023-03-16,178.0
2023-03-17,178.0
2023-03-18,178.0
2023-03-19,178.0
2023-03-20,178.0
2023-03-21,178.0
2023-03-22,178.0
2023-03-23,178.0
2023-03-24,178.0
2023-03-25,178.0
2023-03-26,178.0
2023-03-27,178.0
2023-03-28,178.0
2023-03-29,178.0
2023-03-30,178.0
2023-03-31,178.0
2023-04-01,178.0
2023-04-02,178.0
2023-04-03,175.0
2023-04-04,175.0
2023-04-05,175.0
2023-04-06,175.0
2023-04-07,175.0
2023-04-08,175.0
2023-04-09,175.0
2023-04-10,175.0
2023-04-11,175.0
2023-04-12,175.0
2023-04-13,175.0
2023-04-14,175.0
2023-04-15,175.0
2023-04-16,175.0
2023-04-17,175.0
2023-04-18,175.0
2023-04-19,175.0
2023-04-20,175.0
2023-04-21,175.0
2023-04-22,175.0
2023-04-23,175.0
2023-04-24,175.0
2023-04-25,175.0
2023-04-26,175.0
2023-04-27,175.0
2023-04-28,175.0
2023-04-29,175.0
2023-04-30,175.0
2023-05-01,175.0
2023-05-02,175.0
2023-05-03,175.0
2023-05-04,175.0
2023-05-05,175.0
2023-05-06,175.0
2023-05-07,175.0
2023-05-08,175.0
2023-05-09,175.0
2023-05-10,175.0
2023-05-11,175.0
2023-05-12,175.0
2023-05-13,175.0
2023-05-14,175.0
2023-05-15,175.0
2023-05-16,175.0
2023-05-17,175.0
2023-05-18,175.0
2023-05-19,175.0
2023-05-20,175.0
2023-05-21,175.0
2023-05-22,175.0
2023-05-23,175.0
2023-05-24,175.0
2023-05-25,175.0
2023-05-26,175.0
2023-05-27,175.0
2023-05-28,175.0
2023-05-29,175.0
2023-05-30,175.0
2023-05-31,175.0
2023-06-01,175.0
2023-06-02,175.0
2023-06-03,175.0
2023-06-04,175.0
2023-06-05,175.0
2023-06-06,175.0
2023-06-07,175.0
2023-06-08,175.0
2023-06-09,175.0
2023-06-10,175.0
2023-06-11,175.0
2023-06-12,175.0
2023-06-13,175.0
2023-06-14,175.0
2023-06-15,175.0
2023-06-16,175.0
2023-06-17,175.0
2023-06-18,175.0
2023-06-19,175.0
2023-06-20,175.0
2023-06-21,175.0
2023-06-22,175.0
2023-06-23,175.0
2023-06-24,175.0
2023-06-25,175.0
2023-06-26,175.0
2023-06-27,175.0
2023-06-28,175.0
2023-06-29,175.0
2023-06-30,175.0
2023-07-01,175.0
2023-07-02,175.0
2023-07-03,170.0
2023-07-04,170.0
2023-07-05,170.0
2023-07-06,170.0
2023-07-07,170.0
2023-07-08,170.0
2023-07-09,170.0
2023-07-10,170.0
2023-07-11,170.0
2023-07-12,170.0
2023-07-13,170.0
2023-07-14,170.0
2023-07-15,170.0
2023-07-16,164.0
2023-07-17,164.0
2023-07-18,164.0
2023-07-19,164.0
2023-07-20,164.0
2023-07-21,164.0
2023-07-22,164.0
2023-07-23,164.0
2023-07-24,164.0
2023-07-25,164.0
2023-07-26,164.0
2023-07-27,164.0
2023-07-28,164.0
2023-07-29,164.0
2023-07-30,164.0
2023-07-31,164.0
2023-08-01,173.0
2023-08-02,173.0
2023-08-03,173.0
2023-08-04,173.0
2023-08-05,173.0
2023-08-06,173.0
2023-08-07,173.0
2023-08-08,173.0
2023-08-09,173.0
2023-08-10,173.0
2023-08-11,173.0
2023-08-12,173.0
2023-08-13,173.0
2023-08-14,173.0
2023-08-15,173.0
2023-08-16,178.0
2023-08-17,178.0
2023-08-18,178.0
2023-08-19,178.0
2023-08-20,178.0
2023-08-21,178.0
2023-08-22,178.0
2023-08-23,178.0
2023-08-24,178.0
2023-08-25,178.0
2023-08-26,178.0
2023-08-27,178.0
2023-08-28,178.0
2023-08-29,178.0
2023-08-30,178.0
2023-08-31,178.0
2023-09-01,182.0
2023-09-02,182.0
2023-09-03,182.0
2023-09-04,182.0
2023-09-05,182.0
2023-09-06,182.0
2023-09-07,182.0
2023-09-08,182.0
2023-09-09,182.0
2023-09-10,182.0
2023-09-11,182.0
2023-09-12,182.0
2023-09-13,182.0
2023-09-14,182.0
2023-09-15,183.0
2023-09-16,183.0
2023-09-17,183.0
2023-09-18,183.0
2023-09-19,183.0
2023-09-20,183.0
2023-09-21,183.0
2023-09-22,183.0
2023-09-23,183.0
2023-09-24,183.0
2023-09-25,183.0
2023-09-26,183.0
2023-09-27,183.0
2023-09-28,183.0
2023-09-29,183.0
2023-09-30,185.0
2023-10-01,183.0
2023-10-02,183.0
2023-10-03,183.0
2023-10-04,183.0
2023-10-05,183.0
2023-10-06,183.0
2023-10-07,183.0
2023-10-08,183.0
2023-10-09,183.0
2023-10-10,183.0
2023-10-11,183.0
2023-10-12,183.0
2023-10-13,183.0
2023-10-14,183.0
2023-10-15,172.0
2023-10-16,172.0
2023-10-17,172.0
2023-10-18,172.0
2023-10-19,172.0
2023-10-20,172.0
2023-10-21,172.0
2023-10-22,172.0
2023-10-23,172.0
2023-10-24,172.0
2023-10-25,172.0
2023-10-26,172.0
2023-10-27,172.0
2023-10-28,172.0
2023-10-29,172.0
2023-10-30,172.0
2023-10-31,172.0
2023-11-01,172.0
2023-11-02,172.0
2023-11-03,172.0
2023-11-04,172.0
2023-11-05,172.0
2023-11-06,172.0
2023-11-07,172.0
2023-11-08,172.0
2023-11-09,172.0
2023-11-10,172.0
2023-11-11,172.0
2023-11-12,172.0
2023-11-13,172.0
2023-11-14,172.0
2023-11-15,172.0
2023-11-16,172.0
2023-11-17,172.0
2023-11-18,172.0
2023-11-19,172.0
2023-11-20,172.0
2023-11-21,172.0
2023-11-22,172.0
2023-11-23,172.0
2023-11-24,172.0
2023-11-25,172.0
2023-11-26,172.0
2023-11-27,172.0
2023-11-28,172.0
2023-11-29,172.0
2023-11-30,170.0
2023-12-01,170.0
2023-12-02,170.0
2023-12-03,170.0
2023-12-04,170.0
2023-12-05,170.0
2023-12-06,170.0
2023-12-07,170.0
2023-12-08,170.0
2023-12-09,170.0
2023-12-10,170.0
2023-12-11,170.0
2023-12-12,170.0
2023-12-13,170.0
2023-12-14,170.0
2023-12-15,167.0
2023-12-16,167.0
2023-12-17,167.0
2023-12-18,167.0
2023-12-19,167.0
2023-12-20,167.0
2023-12-21,167.0
2023-12-22,167.0
2023-12-23,167.0
2023-12-24,167.0
2023-12-25,167.0
2023-12-26,167.0
2023-12-27,167.0
2023-12-28,167.0
2023-12-29,167.0
2023-12-30,167.0
2023-12-31,167.0
2024-01-01,167.0
2024-01-02,167.0
2024-01-03,167.0
2024-01-04,167.0
2024-01-05,167.0
2024-01-06,167.0
2024-01-07,167.0
2024-01-08,167.0
2024-01-09,167.0
2024-01-10,167.0
2024-01-11,167.0
2024-01-12,167.0
2024-01-13,167.0
2024-01-14,167.0
2024-01-15,166.0
2024-01-16,166.0
2024-01-17,166.0
2024-01-18,166.0
2024-01-19,166.0
2024-01-20,166.0
2024-01-21,166.0
2024-01-22,166.0
2024-01-23,166.0
2024-01-24,166.0
2024-01-25,166.0
2024-01-26,166.0
2024-01-27,166.0
2024-01-28,166.0
2024-01-29,166.0
2024-01-30,166.0
2024-01-31,170.0
2024-02-01,170.0
2024-02-02,170.0
2024-02-03,170.0
2024-02-04,170.0
2024-02-05,170.0
2024-02-06,170.0
2024-02-07,170.0
2024-02-08,170.0
2024-02-09,170.0
2024-02-10,170.0
2024-02-11,170.0
2024-02-12,170.0
2024-02-13,170.0
2024-02-14,170.0
2024-02-15,172.0
2024-02-16,172.0
2024-02-17,172.0
2024-02-18,172.0
2024-02-19,172.0
2024-02-20,172.0
2024-02-21,172.0
2024-02-22,172.0
2024-02-23,172.0
2024-02-24,172.0
2024-02-25,172.0
2024-02-26,172.0
2024-02-27,172.0
2024-02-28,172.0
2024-02-29,172.0
2024-03-01,172.0
2024-03-02,172.0
2024-03-03,172.0
2024-03-04,172.0
2024-03-05,172.0
2024-03-06,172.0
2024-03-07,172.0
2024-03-08,172.0
2024-03-09,172.0
2024-03-10,172.0
2024-03-11,172.0
2024-03-12,172.0
2024-03-13,172.0
2024-03-14,172.0
2024-03-15,171.0
2024-03-16,171.0
2024-03-17,171.0
2024-03-18,171.0
2024-03-19,171.0
2024-03-20,171.0
2024-03-21,171.0
2024-03-22,171.0
2024-03-23,171.0
2024-03-24,171.0
2024-03-25,171.0
2024-03-26,171.0
2024-03-27,171.0
2024-03-28,171.0
2024-03-29,171.0
2024-03-30,171.0
2024-03-31,171.0
2024-04-01,175.0
2024-04-02,175.0
2024-04-03,175.0
2024-04-04,175.0
2024-04-05,175.0
2024-04-06,175.0
2024-04-07,175.0
2024-04-08,175.0
2024-04-09,175.0
2024-04-10,175.0
2024-04-11,175.0
2024-04-12,175.0
2024-04-13,175.0
2024-04-14,175.0
2024-04-15,175.0
2024-04-16,178.0
2024-04-17,178.0
2024-04-18,178.0
2024-04-19,178.0
2024-04-20,178.0
2024-04-21,178.0
2024-04-22,178.0
2024-04-23,178.0
2024-04-24,178.0
2024-04-25,178.0
2024-04-26,178.0
2024-04-27,178.0
2024-04-28,178.0
2024-04-29,178.0
2024-04-30,178.0
2024-05-01,178.0
2024-05-02,178.0
2024-05-03,178.0
2024-05-04,178.0
2024-05-05,178.0
2024-05-06,178.0
2024-05-07,178.0
2024-05-08,178.0
2024-05-09,178.0
2024-05-10,178.0
2024-05-11,178.0
2024-05-12,178.0
2024-05-13,178.0
2024-05-14,178.0
2024-05-15,178.0
2024-05-16,171.0
2024-05-17,171.0
2024-05-18,171.0
2024-05-19,171.0
2024-05-20,171.0
2024-05-21,171.0
2024-05-22,171.0
2024-05-23,171.0
2024-05-24,171.0
2024-05-25,171.0
2024-05-26,171.0
2024-05-27,171.0
2024-05-28,171.0
2024-05-29,171.0
2024-05-30,171.0
2024-05-31,168.0
2024-06-01,168.0
2024-06-02,168.0
2024-06-03,168.0
2024-06-04,168.0
2024-06-05,168.0
2024-06-06,168.0
2024-06-07,168.0
2024-06-08,168.0
2024-06-09,168.0
2024-06-10,168.0
2024-06-11,168.0
2024-06-12,168.0
2024-06-13,168.0
2024-06-14,168.0
2024-06-15,168.0
2024-06-16,168.0
2024-06-17,168.0
2024-06-18,168.0
2024-06-19,168.0
2024-06-20,168.0
2024-06-21,168.0
2024-06-22,168.0
2024-06-23,168.0
2024-06-24,168.0
2024-06-25,168.0
2024-06-26,168.0
2024-06-27,168.0
2024-06-28,168.0
2024-06-29,168.0
2024-06-30,167.0
2024-07-01,167.0
2024-07-02,167.0
2024-07-03,167.0
2024-07-04,167.0
2024-07-05,167.0
2024-07-06,167.0
2024-07-07,167.0
2024-07-08,167.0
2024-07-09,167.0
2024-07-10,167.0
2024-07-11,167.0
2024-07-12,167.0
2024-07-13,167.0
2024-07-14,167.0
2024-07-15,171.0
2024-07-16,171.0
2024-07-17,171.0
2024-07-18,171.0
2024-07-19,171.0
2024-07-20,171.0
2024-07-21,171.0
2024-07-22,171.0
2024-07-23,171.0
2024-07-24,171.0
2024-07-25,171.0
2024-07-26,171.0
2024-07-27,171.0
2024-07-28,171.0
2024-07-29,171.0
2024-07-30,171.0
2024-07-31,170.0
2024-08-01,170.0
2024-08-02,170.0
2024-08-03,170.0
2024-08-04,170.0
2024-08-05,170.0
2024-08-06,170.0
2024-08-07,170.0
2024-08-08,170.0
2024-08-09,170.0
2024-08-10,170.0
2024-08-11,170.0
2024-08-12,170.0
2024-08-13,170.0
2024-08-14,170.0
2024-08-15,170.0
2024-08-16,165.0
2024-08-17,165.0
2024-08-18,165.0
2024-08-19,165.0
2024-08-20,165.0
2024-08-21,165.0
2024-08-22,165.0
2024-08-23,165.0
2024-08-24,165.0
2024-08-25,165.0
2024-08-26,165.0
2024-08-27,165.0
2024-08-28,165.0
2024-08-29,165.0
2024-08-30,165.0
2024-08-31,165.0
2024-09-01,163.0
2024-09-02,163.0
2024-09-03,163.0
2024-09-04,163.0
2024-09-05,163.0
2024-09-06,163.0
2024-09-07,163.0
2024-09-08,163.0
2024-09-09,163.0
2024-09-10,163.0
2024-09-11,163.0
2024-09-12,163.0
2024-09-13,163.0
2024-09-14,163.0
2024-09-15,163.0
2024-09-16,159.0
2024-09-17,159.0
2024-09-18,159.0
2024-09-19,159.0
2024-09-20,159.0
2024-09-21,159.0
2024-09-22,159.0
2024-09-23,159.0
2024-09-24,159.0
2024-09-25,159.0
2024-09-26,159.0
2024-09-27,159.0
2024-09-28,159.0
2024-09-29,159.0
2024-09-30,158.0
2024-10-01,158.0
2024-10-02,158.0
2024-10-03,158.0
2024-10-04,158.0
2024-10-05,158.0
2024-10-06,158.0
2024-10-07,158.0
2024-10-08,158.0
2024-10-09,158.0
2024-10-10,158.0
2024-10-11,158.0
2024-10-12,158.0
2024-10-13,158.0
2024-10-14,158.0
2024-10-15,159.0
2024-10-16,159.0
2024-10-17,159.0
2024-10-18,159.0
2024-10-19,159.0
2024-10-20,159.0
2024-10-21,159.0
2024-10-22,159.0
2024-10-23,159.0
2024-10-24,159.0
2024-10-25,159.0
2024-10-26,159.0
2024-10-27,159.0
2024-10-28,159.0
2024-10-29,159.0
2024-10-30,159.0
2024-10-31,159.0
2024-11-01,159.0
2024-11-02,159.0
2024-11-03,159.0
2024-11-04,159.0
2024-11-05,159.0
2024-11-06,159.0
2024-11-07,159.0
2024-11-08,159.0
2024-11-09,159.0
2024-11-10,159.0
2024-11-11,159.0
2024-11-12,159.0
2024-11-13,159.0
2024-11-14,159.0
2024-11-15,159.0
2024-11-16,159.0
2024-11-17,159.0
2024-11-18,159.0
2024-11-19,159.0
2024-11-20,159.0
2024-11-21,159.0
2024-11-22,159.0
2024-11-23,159.0
2024-11-24,159.0
2024-11-25,159.0
2024-11-26,159.0
2024-11-27,159.0
2024-11-28,159.0
2024-11-29,159.0
2024-11-30,160.0
2024-12-01,160.0
2024-12-02,160.0
2024-12-03,160.0
2024-12-04,160.0
2024-12-05,160.0
2024-12-06,160.0
2024-12-07,160.0
2024-12-08,160.0
2024-12-09,160.0
2024-12-10,160.0
2024-12-11,160.0
2024-12-12,160.0
2024-12-13,160.0
2024-12-14,160.0
2024-12-15,162.0
2024-12-16,162.0
2024-12-17,162.0
2024-12-18,162.0
2024-12-19,162.0
2024-12-20,162.0
2024-12-21,162.0
2024-12-22,162.0
2024-12-23,162.0
2024-12-24,162.0
2024-12-25,162.0
2024-12-26,162.0
2024-12-27,162.0
2024-12-28,162.0
2024-12-29,162.0
2024-12-30,162.0
2024-12-31,163.0
2025-01-01,163.0
2025-01-02,163.0
2025-01-03,163.0
2025-01-04,163.0
2025-01-05,163.0
2025-01-06,163.0
2025-01-07,163.0
2025-01-08,163.0
2025-01-09,163.0
2025-01-10,163.0
2025-01-11,163.0
2025-01-12,163.0
2025-01-13,163.0
2025-01-14,163.0
2025-01-15,165.0
2025-01-16,165.0
2025-01-17,165.0
2025-01-18,165.0
2025-01-19,165.0
2025-01-20,165.0
2025-01-21,165.0
2025-01-22,165.0
2025-01-23,165.0
2025-01-24,165.0
2025-01-25,165.0
2025-01-26,165.0
2025-01-27,165.0
2025-01-28,165.0
2025-01-29,165.0
2025-01-30,165.0
2025-01-31,167.0
2025-02-01,167.0
2025-02-02,167.0
2025-02-03,167.0
2025-02-04,167.0
2025-02-05,167.0
2025-02-06,167.0
2025-02-07,167.0
2025-02-08,167.0
2025-02-09,167.0
2025-02-10,167.0
2025-02-11,167.0
2025-02-12,167.0
2025-02-13,167.0
2025-02-14,167.0
2025-02-15,167.0
2025-02-16,168.0
2025-02-17,168.0
2025-02-18,168.0
2025-02-19,168.0
2025-02-20,168.0
2025-02-21,168.0
2025-02-22,168.0
2025-02-23,168.0
2025-02-24,168.0
2025-02-25,168.0
2025-02-26,168.0
2025-02-27,168.0
2025-02-28,168.0
2025-03-01,168.0
2025-03-02,168.0
2025-03-03,168.0
2025-03-04,168.0
2025-03-05,168.0
2025-03-06,168.0
2025-03-07,168.0
2025-03-08,168.0
2025-03-09,168.0
2025-03-10,168.0
2025-03-11,168.0
2025-03-12,168.0
2025-03-13,168.0
2025-03-14,168.0
2025-03-15,168.0
2025-03-16,163.0
2025-03-17,163.0
2025-03-18,163.0
2025-03-19,163.0
2025-03-20,163.0
2025-03-21,163.0
2025-03-22,163.0
2025-03-23,163.0
2025-03-24,163.0
2025-03-25,163.0
2025-03-26,163.0
2025-03-27,163.0
2025-03-28,163.0
2025-03-29,163.0
2025-03-30,163.0
2025-03-31,163.0
2025-04-01,163.0
2025-04-02,163.0
2025-04-03,163.0
2025-04-04,163.0
2025-04-05,163.0
2025-04-06,163.0
2025-04-07,163.0
2025-04-08,163.0
2025-04-09,163.0
2025-04-10,163.0
2025-04-11,163.0
2025-04-12,163.0
2025-04-13,163.0
2025-04-14,163.0
2025-04-15,160.0
2025-04-16,160.0
2025-04-17,160.0
2025-04-18,160.0
2025-04-19,160.0
2025-04-20,160.0
2025-04-21,160.0
2025-04-22,160.0
2025-04-23,160.0
2025-04-24,160.0
2025-04-25,160.0
2025-04-26,160.0
2025-04-27,160.0
2025-04-28,160.0
2025-04-29,160.0
2025-04-30,158.0
2025-05-01,158.0
2025-05-02,158.0
2025-05-03,158.0
2025-05-04,158.0
2025-05-05,158.0
2025-05-06,158.0
2025-05-07,158.0
2025-05-08,158.0
2025-05-09,158.0
2025-05-10,158.0
2025-05-11,158.0
2025-05-12,158.0
2025-05-13,158.0
2025-05-14,158.0
2025-05-15,157.0
2025-05-16,157.0
2025-05-17,157.0
2025-05-18,157.0
2025-05-19,157.0
2025-05-20,157.0
2025-05-21,157.0
2025-05-22,157.0
2025-05-23,157.0
2025-05-24,157.0
2025-05-25,157.0
2025-05-26,157.0
2025-05-27,157.0
2025-05-28,157.0
2025-05-29,157.0
2025-05-30,157.0
2025-05-31,159.0
2025-06-01,160.0
2025-06-02,160.0
2025-06-03,160.0
2025-06-04,160.0
2025-06-05,160.0
2025-06-06,160.0
2025-06-07,160.0
2025-06-08,160.0
2025-06-09,160.0
2025-06-10,160.0
2025-06-11,160.0
2025-06-12,160.0
2025-06-13,160.0
2025-06-14,160.0
2025-06-15,160.0
2025-06-16,160.0
2025-06-17,160.0
2025-06-18,160.0
2025-06-19,160.0
2025-06-20,160.0
2025-06-21,160.0
2025-06-22,160.0
2025-06-23,160.0
2025-06-24,160.0
2025-06-25,160.0
2025-06-26,160.0
2025-06-27,160.0
2025-06-28,160.0
2025-06-29,160.0
2025-06-30,165.0
2025-07-01,165.0
2025-07-02,165.0
2025-07-03,165.0
2025-07-04,165.0
2025-07-05,165.0
2025-07-06,165.0
2025-07-07,165.0
2025-07-08,165.0
2025-07-09,165.0
2025-07-10,165.0
2025-07-11,165.0
2025-07-12,165.0
2025-07-13,165.0
2025-07-14,165.0
2025-07-15,160.0
2025-07-16,160.0
2025-07-17,160.0
2025-07-18,160.0
2025-07-19,160.0
2025-07-20,160.0
2025-07-21,160.0
2025-07-22,160.0
2025-07-23,160.0
2025-07-24,160.0
2025-07-25,160.0
2025-07-26,160.0
2025-07-27,160.0
2025-07-28,160.0
2025-07-29,160.0
2025-07-30,160.0
2025-07-31,159.0
2025-08-01,159.0
2025-08-02,159.0
2025-08-03,159.0
2025-08-04,159.0
2025-08-05,159.0
2025-08-06,159.0
2025-08-07,159.0
2025-08-08,159.0
2025-08-09,159.0
2025-08-10,159.0
2025-08-11,159.0
2025-08-12,159.0
2025-08-13,159.0
2025-08-14,159.0
2025-08-15,161.0
2025-08-16,161.0
2025-08-17,161.0
2025-08-18,161.0
2025-08-19,161.0
2025-08-20,161.0
2025-08-21,161.0
2025-08-22,161.0
2025-08-23,161.0
2025-08-24,161.0
2025-08-25,161.0
2025-08-26,161.0
2025-08-27,161.0
2025-08-28,161.0
2025-08-29,161.0
2025-08-30,161.0
2025-08-31,161.0
2025-09-01,161.0
2025-09-02,161.0
2025-09-03,161.0
2025-09-04,161.0
2025-09-05,161.0
2025-09-06,161.0
2025-09-07,161.0
2025-09-08,161.0
2025-09-09,161.0
2025-09-10,161.0
2025-09-11,161.0
2025-09-12,161.0
2025-09-13,161.0
2025-09-14,161.0
2025-09-15,158.5
2025-09-16,158.5
2025-09-17,158.5
2025-09-18,158.5
2025-09-19,158.5
2025-09-20,158.5
2025-09-21,158.5
2025-09-22,158.5
2025-09-23,158.5
2025-09-24,158.5
2025-09-25,158.5
2025-09-26,158.5
2025-09-27,158.5
2025-09-28,158.5
2025-09-29,158.5
2025-09-30,161.0
2025-10-01,161.0
2025-10-02,161.0
2025-10-03,161.0
2025-10-04,161.0
2025-10-05,161.0
2025-10-06,161.0
2025-10-07,161.0
2025-10-08,161.0
2025-10-09,161.0
2025-10-10,161.0
2025-10-11,161.0
2025-10-12,161.0
2025-10-13,161.0
2025-10-14,161.0
2025-10-15,159.0
2025-10-16,159.0
2025-10-17,159.0
2025-10-18,159.0
2025-10-19,159.0
2025-10-20,159.0
2025-10-21,159.0
2025-10-22,159.0
2025-10-23,159.0
2025-10-24,159.0
2025-10-25,159.0
2025-10-26,159.0
2025-10-27,159.0
2025-10-28,159.0
2025-10-29,159.0
2025-10-30,159.0
2025-10-31,159.0
2025-11-01,159.0
2025-11-02,159.0
2025-11-03,159.0
2025-11-04,159.0
2025-11-05,159.0
2025-11-06,159.0
2025-11-07,159.0
2025-11-08,159.0
2025-11-09,159.0
2025-11-10,159.0
2025-11-11,159.0
2025-11-12,159.0
2025-11-13,159.0
2025-11-14,159.0
2025-11-15,161.0
2025-11-16,161.0
2025-11-17,161.0
2025-11-18,161.0
2025-11-19,161.0
2025-11-20,161.0
2025-11-21,161.0
2025-11-22,161.0
2025-11-23,161.0
2025-11-24,161.0
2025-11-25,161.0
2025-11-26,161.0
2025-11-27,161.0
2025-11-28,161.0
2025-11-29,161.0
2025-11-30,161.0
2025-12-01,161.0
2025-12-02,161.0
2025-12-03,161.0
2025-12-04,161.0
2025-12-05,161.0
2025-12-06,161.0
2025-12-07,161.0
2025-12-08,161.0
2025-12-09,161.0
2025-12-10,161.0
2025-12-11,161.0
2025-12-12,161.0
2025-12-13,161.0
2025-12-14,161.0
2025-12-15,163.0
2025-12-16,163.0
2025-12-17,163.0
2025-12-18,163.0
2025-12-19,163.0
2025-12-20,163.0
2025-12-21,163.0
2025-12-22,163.0
2025-12-23,163.0
2025-12-24,163.0
2025-12-25,163.0
2025-12-26,163.0
2025-12-27,163.0
2025-12-28,163.0
2025-12-29,163.0
2025-12-30,163.0
2025-12-31,163.0
2026-01-01,163.0
2026-01-02,163.0
2026-01-03,163.0
2026-01-04,163.0
2026-01-05,163.0
2026-01-06,163.0
2026-01-07,163.0
2026-01-08,163.0
2026-01-09,163.0
2026-01-10,163.0
2026-01-11,163.0
2026-01-12,163.0
2026-01-13,163.0
2026-01-14,163.0
2026-01-15,156.0
2026-01-16,156.0
2026-01-17,156.0
2026-01-18,156.0
2026-01-19,156.0
2026-01-20,156.0
2026-01-21,156.0
2026-01-22,156.0
2026-01-23,156.0
2026-01-24,156.0
2026-01-25,156.0
2026-01-26,156.0
2026-01-27,156.0
2026-01-28,156.0
2026-01-29,156.0
2026-01-30,156.0
2026-01-31,156.0
2026-02-01,156.0
2026-02-02,156.0
2026-02-03,156.0
2026-02-04,156.0
2026-02-05,156.0
2026-02-06,156.0
2026-02-07,156.0
2026-02-08,156.0
2026-02-09,156.0
2026-02-10,156.0
2026-02-11,156.0
2026-02-12,156.0
2026-02-13,156.0
2026-02-14,156.0
2026-02-15,157.0
2026-02-16,157.0
2026-02-17,157.0
2026-02-18,157.0
2026-02-19,157.0
2026-02-20,157.0
2026-02-21,157.0
2026-02-22,157.0
2026-02-23,157.0
2026-02-24,157.0
2026-02-25,157.0
2026-02-26,157.0
2026-02-27,157.0
2026-02-28,157.0
2026-03-01,157.0
2026-03-02,157.0
2026-03-03,157.0
2026-03-04,157.0
2026-03-05,157.0
2026-03-06,157.0
2026-03-07,157.0
2026-03-08,157.0
2026-03-09,157.0
2026-03-10,157.0
2026-03-11,157.0
2026-03-12,157.0
2026-03-13,157.0
2026-03-14,157.0
2026-03-15,172.0
2026-03-16,172.0
2026-03-17,172.0
2026-03-18,172.0
2026-03-19,172.0
2026-03-20,172.0
2026-03-21,172.0
2026-03-22,172.0
2026-03-23,172.0
2026-03-24,172.0
2026-03-25,172.0
2026-03-26,187.0
2026-03-27,187.0
2026-03-28,187.0
2026-03-29,187.0
2026-03-30,187.0
2026-03-31,187.0
2026-04-01,187.0
2026-04-02,202.0
2026-04-03,202.0
2026-04-04,202.0
2026-04-05,202.0
2026-04-06,202.0
2026-04-07,202.0
2026-04-08,202.0
2026-04-09,202.0
2026-04-10,219.0
2026-04-11,219.0
2026-04-12,219.0
2026-04-13,219.0
2026-04-14,219.0
2026-04-15,219.0
2026-04-16,219.0
2026-04-17,219.0
2026-04-18,219.0
2026-04-19,219.0
2026-04-20,219.0
2026-04-21,219.0
2026-04-22,219.0
2026-04-23,219.0
2026-04-24,219.0
2026-04-25,219.0
2026-04-26,219.0
2026-04-27,219.0
2026-04-28,219.0
2026-04-29,219.0
2026-04-30,217.0
2026-05-01,217.0
2026-05-02,217.0
2026-05-03,217.0
2026-05-04,217.0
2026-05-05,217.0
2026-05-06,217.0
2026-05-07,217.0
2026-05-08,217.0
2026-05-09,217.0
2026-05-10,217.0
2026-05-11,217.0
2026-05-12,217.0
2026-05-13,217.0
2026-05-14,217.0
2026-05-15,217.0
2026-05-16,217.0
2026-05-17,217.0
2026-05-18,217.0
2026-05-19,217.0
2026-05-20,217.0
2026-05-21,217.0
2026-05-22,217.0
2026-05-23,217.0
2026-05-24,217.0
2026-05-25,217.0
2026-05-26,217.0
2026-05-27,217.0
2026-05-28,217.0
2026-05-29,217.0
2026-05-30,217.0
2026-05-31,217.0
2026-06-01,217.0
2026-06-02,217.0
2026-06-03,217.0
2026-06-04,217.0
2026-06-05,217.0
2026-06-06,217.0
2026-06-07,217.0
2026-06-08,217.0
2026-06-09,217.0
2026-06-10,217.0
2026-06-11,217.0
2026-06-12,217.0
2026-06-13,217.0
2026-06-14,217.0
2026-06-15,217.0
2026-06-16,217.0
2026-06-17,217.0
2026-06-18,217.0
2026-06-19,217.0
2026-06-20,217.0
2026-06-21,217.0
2026-06-22,217.0
2026-06-23,217.0
2026-06-24,217.0
2026-06-25,217.0
2026-06-26,217.0
2026-06-27,217.0
2026-06-28,217.0
2026-06-29,217.0
2026-06-30,217.0
2026-07-01,217.0
2026-07-02,217.0
2026-07-03,217.0
2026-07-04,217.0
2026-07-05,217.0
2026-07-06,217.0
2026-07-07,217.0
2026-07-08,217.0
2026-07-09,217.0
2026-07-10,217.0
2026-07-11,217.0
2026-07-12,217.0
2026-07-13,217.0
2026-07-14,217.0
2026-07-15,217.0
2026-07-16,217.0
2026-07-17,217.0
2026-07-18,217.0
2026-07-19,217.0
2026-07-20,217.0
2026-07-21,217.0
2026-07-22,217.0
2026-07-23,217.0
2026-07-24,217.0
2026-07-25,217.0
2026-07-26,217.0
2026-07-27,217.0
2026-07-28,217.0
2026-07-29,217.0
2026-07-30,217.0
2026-07-31,217.0
2026-08-01,217.0
2026-08-02,217.0
2026-08-03,217.0
2026-08-04,217.0
2026-08-05,217.0
2026-08-06,217.0
2026-08-07,217.0
2026-08-08,217.0
2026-08-09,217.0
2026-08-10,217.0
2026-08-11,217.0
2026-08-12,217.0
2026-08-13,217.0
2026-08-14,217.0
2026-08-15,217.0
2026-08-16,217.0
2026-08-17,217.0
2026-08-18,217.0
2026-08-19,217.0
2026-08-20,217.0
2026-08-21,217.0
2026-08-22,217.0
2026-08-23,217.0
2026-08-24,217.0
2026-08-25,217.0
2026-08-26,217.0
2026-08-27,217.0
2026-08-28,217.0
2026-08-29,217.0
2026-08-30,217.0
2026-08-31,217.0
2026-09-01,217.0
2026-09-02,217.0
2026-09-03,217.0
2026-09-04,217.0
2026-09-05,217.0
2026-09-06,217.0
2026-09-07,217.0
2026-09-08,217.0
2026-09-09,217.0
2026-09-10,217.0
2026-09-11,217.0
2026-09-12,217.0
2026-09-13,217.0
2026-09-14,217.0
2026-09-15,217.0
2026-09-16,217.0
2026-09-17,217.0
2026-09-18,217.0
2026-09-19,217.0
2026-09-20,217.0
2026-09-21,217.0
2026-09-22,217.0
2026-09-23,217.0
2026-09-24,217.0
2026-09-25,217.0
2026-09-26,217.0
2026-09-27,217.0
2026-09-28,217.0
2026-09-29,217.0
2026-09-30,217.0
2026-10-01,217.0
2026-10-02,217.0
2026-10-03,217.0
2026-10-04,217.0
2026-10-05,217.0
2026-10-06,217.0
2026-10-07,217.0
2026-10-08,217.0
2026-10-09,217.0
2026-10-10,217.0
2026-10-11,217.0
2026-10-12,217.0
2026-10-13,217.0
2026-10-14,217.0
2026-10-15,217.0
2026-10-16,217.0
2026-10-17,217.0
2026-10-18,217.0
2026-10-19,217.0
2026-10-20,217.0
2026-10-21,217.0
2026-10-22,217.0
2026-10-23,217.0
2026-10-24,217.0
2026-10-25,217.0
2026-10-26,217.0
2026-10-27,217.0
2026-10-28,217.0
2026-10-29,217.0
2026-10-30,217.0
2026-10-31,217.0
2026-11-01,217.0
2026-11-02,217.0
2026-11-03,217.0
2026-11-04,217.0
2026-11-05,217.0
2026-11-06,217.0
2026-11-07,217.0
2026-11-08,217.0
2026-11-09,217.0
2026-11-10,217.0
2026-11-11,217.0
2026-11-12,217.0
2026-11-13,217.0
2026-11-14,217.0
2026-11-15,217.0
2026-11-16,217.0
2026-11-17,217.0
2026-11-18,217.0
2026-11-19,217.0
2026-11-20,217.0
2026-11-21,217.0
2026-11-22,217.0
2026-11-23,217.0
2026-11-24,217.0
2026-11-25,217.0
2026-11-26,217.0
2026-11-27,217.0
2026-11-28,217.0
2026-11-29,217.0
2026-11-30,217.0
2026-12-01,217.0
2026-12-02,217.0
2026-12-03,217.0
2026-12-04,217.0
2026-12-05,217.0
2026-12-06,217.0
2026-12-07,217.0
2026-12-08,217.0
2026-12-09,217.0
2026-12-10,217.0
2026-12-11,217.0
2026-12-12,217.0
2026-12-13,217.0
2026-12-14,217.0
2026-12-15,217.0
2026-12-16,217.0
2026-12-17,217.0
2026-12-18,217.0
2026-12-19,217.0
2026-12-20,217.0
2026-12-21,217.0
2026-12-22,217.0
2026-12-23,217.0
2026-12-24,217.0
2026-12-25,217.0
2026-12-26,217.0
2026-12-27,217.0
2026-12-28,217.0
2026-12-29,217.0
2026-12-30,217.0
2026-12-31,159.0
